paso,metodo,escenario,seed,recompensa_paso,recompensa_total,costo_decision,costo_total,accion,bloque_razonamiento,posicion_x,posicion_y,distancia_a_meta,sobre_arena,colision_borde,meta_alcanzada
0,RL-of-Thoughts Navigator,obstaculos_densos,123,0.0,0.0,0.0,0.0,0,,60.0,60.0,832.3460693359375,False,False,False
0,GoT Navigation Graph,obstaculos_densos,123,0.0,0.0,0.0,0.0,0,,60.0,60.0,832.3460693359375,False,False,False
0,Adaptive rollout budget,obstaculos_densos,123,0.0,0.0,0.0,0.0,0,,60.0,60.0,832.3460693359375,False,False,False
1,RL-of-Thoughts Navigator,obstaculos_densos,123,0.1,0.1,2.0,2.0,1,ACT,66.0,60.0,827.4515380859375,False,False,False
1,GoT Navigation Graph,obstaculos_densos,123,0.1,0.1,393.0,393.0,1,GRAPH,66.0,60.0,827.4515380859375,False,False,False
1,Adaptive rollout budget,obstaculos_densos,123,0.1,0.1,3.0,3.0,0,Adaptive rollout budget,66.0,60.0,827.4515380859375,False,False,False
2,RL-of-Thoughts Navigator,obstaculos_densos,123,0.1,0.2,2.0,4.0,1,ACT,71.63815307617188,62.052120208740234,821.6700439453125,False,False,False
2,GoT Navigation Graph,obstaculos_densos,123,0.1,0.2,393.0,786.0,1,GRAPH,71.63815307617188,62.052120208740234,821.6700439453125,False,False,False
2,Adaptive rollout budget,obstaculos_densos,123,0.1,0.2,3.0,6.0,0,Adaptive rollout budget,72.0,60.0,822.5715942382812,False,False,False
3,RL-of-Thoughts Navigator,obstaculos_densos,123,0.1,0.30000000000000004,2.0,6.0,0,ACT,76.23442077636719,65.90884399414062,815.6881103515625,False,False,False
3,GoT Navigation Graph,obstaculos_densos,123,0.1,0.30000000000000004,393.0,1179.0,1,GRAPH,76.23442077636719,65.90884399414062,815.6881103515625,False,False,False
3,Adaptive rollout budget,obstaculos_densos,123,0.1,0.30000000000000004,3.0,9.0,0,Adaptive rollout budget,78.0,60.0,817.70654296875,False,False,False
4,RL-of-Thoughts Navigator,obstaculos_densos,123,0.1,0.4,2.0,8.0,0,ACT,80.8306884765625,69.76557159423828,809.7064819335938,False,False,False
4,GoT Navigation Graph,obstaculos_densos,123,0.1,0.4,385.0,1564.0,0,GRAPH,79.23442077636719,71.10499572753906,810.2306518554688,False,False,False
4,Adaptive rollout budget,obstaculos_densos,123,0.1,0.4,3.0,12.0,0,Adaptive rollout budget,84.0,60.0,812.856689453125,False,False,False
5,RL-of-Thoughts Navigator,obstaculos_densos,123,0.1,0.5,2.0,10.0,0,ACT,85.42695617675781,73.62229919433594,803.72509765625,False,False,False
5,GoT Navigation Graph,obstaculos_densos,123,0.1,0.5,385.0,1949.0,0,GRAPH,82.23442077636719,76.3011474609375,804.7808227539062,False,False,False
5,Adaptive rollout budget,obstaculos_densos,123,0.1,0.5,3.0,15.0,0,Adaptive rollout budget,90.0,60.0,808.0222778320312,False,False,False
6,RL-of-Thoughts Navigator,obstaculos_densos,123,0.1,0.6,2.0,12.0,0,ACT,90.02322387695312,77.4790267944336,797.7440185546875,False,False,False
6,GoT Navigation Graph,obstaculos_densos,123,0.1,0.6,384.0,2333.0,0,GRAPH,85.23442077636719,81.49729919433594,799.3388671875,False,False,False
6,Adaptive rollout budget,obstaculos_densos,123,0.1,0.6,3.0,18.0,0,Adaptive rollout budget,96.0,60.0,803.20361328125,False,False,False
7,RL-of-Thoughts Navigator,obstaculos_densos,123,0.1,0.7,2.0,14.0,0,ACT,94.61949157714844,81.33575439453125,791.7631225585938,False,False,False
7,GoT Navigation Graph,obstaculos_densos,123,0.1,0.7,384.0,2717.0,0,GRAPH,88.23442077636719,86.69345092773438,793.905029296875,False,False,False
7,Adaptive rollout budget,obstaculos_densos,123,0.1,0.7,3.0,21.0,0,Adaptive rollout budget,102.0,60.0,798.40087890625,False,False,False
8,RL-of-Thoughts Navigator,obstaculos_densos,123,0.1,0.7999999999999999,2.0,16.0,0,ACT,99.21575927734375,85.1924819946289,785.7825927734375,False,False,False
8,GoT Navigation Graph,obstaculos_densos,123,0.1,0.7999999999999999,384.0,3101.0,0,GRAPH,91.23442077636719,91.88960266113281,788.4793701171875,False,False,False
8,Adaptive rollout budget,obstaculos_densos,123,0.1,0.7999999999999999,3.0,24.0,0,Adaptive rollout budget,108.0,60.0,793.614501953125,False,False,False
9,RL-of-Thoughts Navigator,obstaculos_densos,123,0.1,0.8999999999999999,2.0,18.0,0,ACT,103.81202697753906,89.04920959472656,779.8023681640625,False,False,False
9,GoT Navigation Graph,obstaculos_densos,123,0.1,0.8999999999999999,384.0,3485.0,0,GRAPH,94.23442077636719,97.08575439453125,783.0620727539062,False,False,False
9,Adaptive rollout budget,obstaculos_densos,123,0.1,0.8999999999999999,3.0,27.0,0,Adaptive rollout budget,114.0,60.0,788.8447265625,False,False,False
10,RL-of-Thoughts Navigator,obstaculos_densos,123,0.1,0.9999999999999999,2.0,20.0,0,ACT,108.40829467773438,92.90593719482422,773.8223876953125,False,False,False
10,GoT Navigation Graph,obstaculos_densos,123,0.1,0.9999999999999999,384.0,3869.0,0,GRAPH,97.23442077636719,102.28190612792969,777.6533203125,False,False,False
10,Adaptive rollout budget,obstaculos_densos,123,0.1,0.9999999999999999,3.0,30.0,0,Adaptive rollout budget,120.0,60.0,784.0918579101562,False,False,False
11,RL-of-Thoughts Navigator,obstaculos_densos,123,0.1,1.0999999999999999,2.0,22.0,0,ACT,113.00456237792969,96.76266479492188,767.8427734375,False,False,False
11,GoT Navigation Graph,obstaculos_densos,123,0.1,1.0999999999999999,385.0,4254.0,0,GRAPH,100.23442077636719,107.47805786132812,772.2532958984375,False,False,False
11,Adaptive rollout budget,obstaculos_densos,123,0.1,1.0999999999999999,3.0,33.0,0,Adaptive rollout budget,126.0,60.0,779.3561401367188,False,False,False
12,RL-of-Thoughts Navigator,obstaculos_densos,123,0.1,1.2,2.0,24.0,0,ACT,117.600830078125,100.61939239501953,761.863525390625,False,False,False
12,GoT Navigation Graph,obstaculos_densos,123,0.1,1.2,376.0,4630.0,0,GRAPH,103.23442077636719,112.67420959472656,766.8623046875,False,False,False
12,Adaptive rollout budget,obstaculos_densos,123,0.1,1.2,3.0,36.0,0,Adaptive rollout budget,132.0,60.0,774.6380004882812,False,False,False
13,RL-of-Thoughts Navigator,obstaculos_densos,123,0.1,1.3,2.0,26.0,0,ACT,122.19709777832031,104.47611999511719,755.8845825195312,False,False,False
13,GoT Navigation Graph,obstaculos_densos,123,0.1,1.3,376.0,5006.0,0,GRAPH,106.23442077636719,117.870361328125,761.4802856445312,False,False,False
13,Adaptive rollout budget,obstaculos_densos,123,0.1,1.3,3.0,39.0,0,Adaptive rollout budget,138.0,60.0,769.9376831054688,False,False,False
14,RL-of-Thoughts Navigator,obstaculos_densos,123,0.1,1.4000000000000001,2.0,28.0,0,ACT,126.79336547851562,108.33284759521484,749.9059448242188,False,False,False
14,GoT Navigation Graph,obstaculos_densos,123,0.1,1.4000000000000001,376.0,5382.0,0,GRAPH,109.23442077636719,123.06651306152344,756.1076049804688,False,False,False
14,Adaptive rollout budget,obstaculos_densos,123,0.1,1.4000000000000001,3.0,42.0,0,Adaptive rollout budget,144.0,60.0,765.2554931640625,False,False,False
15,RL-of-Thoughts Navigator,obstaculos_densos,123,0.1,1.5000000000000002,2.0,30.0,0,ACT,131.38963317871094,112.1895751953125,743.9276123046875,False,False,False
15,GoT Navigation Graph,obstaculos_densos,123,0.1,1.5000000000000002,376.0,5758.0,0,GRAPH,112.23442077636719,128.26266479492188,750.7444458007812,False,False,False
15,Adaptive rollout budget,obstaculos_densos,123,0.1,1.5000000000000002,27.0,69.0,1,Adaptive rollout budget,150.0,60.0,760.5918579101562,False,False,False
16,RL-of-Thoughts Navigator,obstaculos_densos,123,0.1,1.6000000000000003,2.0,32.0,0,ACT,135.98590087890625,116.04630279541016,737.94970703125,False,False,False
16,GoT Navigation Graph,obstaculos_densos,123,0.1,1.6000000000000003,375.0,6133.0,1,GRAPH,115.23442077636719,133.4588165283203,745.3909912109375,False,False,False
16,Adaptive rollout budget,obstaculos_densos,123,0.1,1.6000000000000003,27.0,96.0,1,Adaptive rollout budget,155.63815307617188,62.052120208740234,754.9257202148438,False,False,False
17,RL-of-Thoughts Navigator,obstaculos_densos,123,0.1,1.7000000000000004,2.0,34.0,0,ACT,140.58216857910156,119.90303039550781,731.97216796875,False,False,False
17,GoT Navigation Graph,obstaculos_densos,123,0.1,1.7000000000000004,375.0,6508.0,0,GRAPH,116.27630615234375,139.36766052246094,741.3079833984375,False,False,False
17,Adaptive rollout budget,obstaculos_densos,123,0.1,1.7000000000000004,27.0,123.0,0,Adaptive rollout budget,160.2344207763672,65.90884399414062,748.9262084960938,False,False,False
18,RL-of-Thoughts Navigator,obstaculos_densos,123,0.1,1.8000000000000005,2.0,36.0,0,ACT,145.17843627929688,123.75975799560547,725.9949340820312,False,False,False
18,GoT Navigation Graph,obstaculos_densos,123,0.1,1.8000000000000005,375.0,6883.0,0,GRAPH,117.31819152832031,145.27650451660156,737.2511596679688,False,False,False
18,Adaptive rollout budget,obstaculos_densos,123,0.1,1.8000000000000005,27.0,150.0,0,Adaptive rollout budget,164.8306884765625,69.76557159423828,742.9267578125,False,False,False
19,RL-of-Thoughts Navigator,obstaculos_densos,123,0.1,1.9000000000000006,2.0,38.0,0,ACT,149.7747039794922,127.61648559570312,720.01806640625,False,False,False
19,GoT Navigation Graph,obstaculos_densos,123,0.1,1.9000000000000006,375.0,7258.0,0,GRAPH,118.36007690429688,151.1853485107422,733.220947265625,False,False,False
19,Adaptive rollout budget,obstaculos_densos,123,0.1,1.9000000000000006,27.0,177.0,0,Adaptive rollout budget,169.4269561767578,73.62229919433594,736.92724609375,False,False,False
20,RL-of-Thoughts Navigator,obstaculos_densos,123,0.1,2.0000000000000004,2.0,40.0,0,ACT,154.3709716796875,131.47320556640625,714.0416870117188,False,False,False
20,GoT Navigation Graph,obstaculos_densos,123,0.1,2.0000000000000004,373.0,7631.0,0,GRAPH,119.40196228027344,157.0941925048828,729.2178955078125,False,False,False
20,Adaptive rollout budget,obstaculos_densos,123,-1.0,0.9000000000000006,27.0,204.0,0,Adaptive rollout budget,174.02322387695312,77.4790267944336,730.927734375,True,False,False
21,RL-of-Thoughts Navigator,obstaculos_densos,123,0.1,2.1000000000000005,2.0,42.0,0,ACT,158.9672393798828,135.32992553710938,708.065673828125,False,False,False
21,GoT Navigation Graph,obstaculos_densos,123,0.1,2.1000000000000005,373.0,8004.0,0,GRAPH,120.44384765625,163.00303649902344,725.2423706054688,False,False,False
21,Adaptive rollout budget,obstaculos_densos,123,-1.0,-0.09999999999999942,27.0,231.0,0,Adaptive rollout budget,174.7892608642578,78.12181091308594,729.9277954101562,True,False,False
22,RL-of-Thoughts Navigator,obstaculos_densos,123,0.1,2.2000000000000006,2.0,44.0,0,ACT,163.56350708007812,139.1866455078125,702.0900268554688,False,False,False
22,GoT Navigation Graph,obstaculos_densos,123,0.1,2.2000000000000006,373.0,8377.0,0,GRAPH,121.48573303222656,168.91188049316406,721.2948608398438,False,False,False
22,Adaptive rollout budget,obstaculos_densos,123,-1.0,-1.0999999999999994,27.0,258.0,0,Adaptive rollout budget,175.5552978515625,78.76459503173828,728.9279174804688,True,False,False
23,RL-of-Thoughts Navigator,obstaculos_densos,123,0.1,2.3000000000000007,2.0,46.0,0,ACT,168.15977478027344,143.04336547851562,696.11474609375,False,False,False
23,GoT Navigation Graph,obstaculos_densos,123,0.1,2.3000000000000007,373.0,8750.0,0,GRAPH,122.52761840820312,174.8207244873047,717.3757934570312,False,False,False
23,Adaptive rollout budget,obstaculos_densos,123,-1.0,-2.0999999999999996,27.0,285.0,0,Adaptive rollout budget,176.3213348388672,79.40737915039062,727.9280395507812,True,False,False
24,RL-of-Thoughts Navigator,obstaculos_densos,123,-1.0,1.3000000000000007,2.0,48.0,0,ACT,172.75604248046875,146.90008544921875,690.1400146484375,True,False,False
24,GoT Navigation Graph,obstaculos_densos,123,0.1,2.400000000000001,373.0,9123.0,0,GRAPH,123.56950378417969,180.7295684814453,713.4856567382812,False,False,False
24,Adaptive rollout budget,obstaculos_densos,123,-1.0,-3.0999999999999996,27.0,312.0,0,Adaptive rollout budget,177.08737182617188,80.05016326904297,726.9281005859375,True,False,False
25,RL-of-Thoughts Navigator,obstaculos_densos,123,-1.0,0.3000000000000007,2.0,50.0,0,ACT,173.52207946777344,147.54287719726562,689.144287109375,True,False,False
25,GoT Navigation Graph,obstaculos_densos,123,0.1,2.500000000000001,375.0,9498.0,0,GRAPH,124.61138916015625,186.63841247558594,709.6249389648438,False,False,False
25,Adaptive rollout budget,obstaculos_densos,123,-1.0,-4.1,27.0,339.0,0,Adaptive rollout budget,177.85340881347656,80.69294738769531,725.92822265625,True,False,False
26,RL-of-Thoughts Navigator,obstaculos_densos,123,-1.0,-0.6999999999999993,2.0,52.0,0,ACT,174.28811645507812,148.1856689453125,688.1485595703125,True,False,False
26,GoT Navigation Graph,obstaculos_densos,123,0.1,2.600000000000001,375.0,9873.0,0,GRAPH,125.65327453613281,192.54725646972656,705.7941284179688,False,False,False
26,Adaptive rollout budget,obstaculos_densos,123,-1.0,-5.1,27.0,366.0,0,Adaptive rollout budget,178.61944580078125,81.33573150634766,724.9283447265625,True,False,False
27,RL-of-Thoughts Navigator,obstaculos_densos,123,-1.0,-1.6999999999999993,2.0,54.0,0,ACT,175.0541534423828,148.82846069335938,687.15283203125,True,False,False
27,GoT Navigation Graph,obstaculos_densos,123,0.1,2.700000000000001,363.0,10236.0,0,GRAPH,126.69515991210938,198.4561004638672,701.9935913085938,False,False,False
27,Adaptive rollout budget,obstaculos_densos,123,-1.0,-6.1,27.0,393.0,0,Adaptive rollout budget,179.38548278808594,81.978515625,723.9284057617188,True,False,False
28,RL-of-Thoughts Navigator,obstaculos_densos,123,-1.0,-2.6999999999999993,2.0,56.0,0,ACT,175.8201904296875,149.47125244140625,686.1571044921875,True,False,False
28,GoT Navigation Graph,obstaculos_densos,123,0.1,2.800000000000001,363.0,10599.0,0,GRAPH,127.73704528808594,204.3649444580078,698.2240600585938,False,False,False
28,Adaptive rollout budget,obstaculos_densos,123,-1.0,-7.1,27.0,420.0,0,Adaptive rollout budget,180.15151977539062,82.62129974365234,722.9285278320312,True,False,False
29,RL-of-Thoughts Navigator,obstaculos_densos,123,-1.0,-3.6999999999999993,2.0,58.0,0,ACT,176.5862274169922,150.11404418945312,685.161376953125,True,False,False
29,GoT Navigation Graph,obstaculos_densos,123,0.1,2.9000000000000012,359.0,10958.0,0,GRAPH,128.7789306640625,210.27378845214844,694.48583984375,False,False,False
29,Adaptive rollout budget,obstaculos_densos,123,-1.0,-8.1,27.0,447.0,0,Adaptive rollout budget,180.9175567626953,83.26408386230469,721.9285888671875,True,False,False
30,RL-of-Thoughts Navigator,obstaculos_densos,123,-1.0,-4.699999999999999,2.0,60.0,0,ACT,177.35226440429688,150.7568359375,684.1657104492188,True,False,False
30,GoT Navigation Graph,obstaculos_densos,123,0.1,3.0000000000000013,359.0,11317.0,0,GRAPH,129.82081604003906,216.18263244628906,690.779541015625,False,False,False
30,Adaptive rollout budget,obstaculos_densos,123,-1.0,-9.1,27.0,474.0,0,Adaptive rollout budget,181.68359375,83.90686798095703,720.9287109375,True,False,False
31,RL-of-Thoughts Navigator,obstaculos_densos,123,-1.0,-5.699999999999999,2.0,62.0,0,ACT,178.11830139160156,151.39962768554688,683.1700439453125,True,False,False
31,GoT Navigation Graph,obstaculos_densos,123,0.1,3.1000000000000014,359.0,11676.0,0,GRAPH,130.86270141601562,222.0914764404297,687.1055908203125,False,False,False
31,Adaptive rollout budget,obstaculos_densos,123,-1.0,-10.1,27.0,501.0,0,Adaptive rollout budget,182.4496307373047,84.54965209960938,719.9287719726562,True,False,False
32,RL-of-Thoughts Navigator,obstaculos_densos,123,-1.0,-6.699999999999999,2.0,64.0,0,ACT,178.88433837890625,152.04241943359375,682.1743774414062,True,False,False
32,GoT Navigation Graph,obstaculos_densos,123,0.1,3.2000000000000015,359.0,12035.0,0,GRAPH,131.9045867919922,228.0003204345703,683.4645385742188,False,False,False
32,Adaptive rollout budget,obstaculos_densos,123,-1.0,-11.1,27.0,528.0,0,Adaptive rollout budget,183.21566772460938,85.19243621826172,718.9288330078125,True,False,False
33,RL-of-Thoughts Navigator,obstaculos_densos,123,-1.0,-7.699999999999999,2.0,66.0,0,ACT,179.65037536621094,152.68521118164062,681.1787109375,True,False,False
33,GoT Navigation Graph,obstaculos_densos,123,0.1,3.3000000000000016,354.0,12389.0,0,GRAPH,132.94647216796875,233.90916442871094,679.8570556640625,False,False,False
33,Adaptive rollout budget,obstaculos_densos,123,-1.0,-12.1,27.0,555.0,0,Adaptive rollout budget,183.98170471191406,85.83522033691406,717.9290161132812,True,False,False
34,RL-of-Thoughts Navigator,obstaculos_densos,123,-1.0,-8.7,2.0,68.0,0,ACT,180.41641235351562,153.3280029296875,680.18310546875,True,False,False
34,GoT Navigation Graph,obstaculos_densos,123,0.1,3.4000000000000017,354.0,12743.0,0,GRAPH,133.9883575439453,239.81800842285156,676.2835083007812,False,False,False
34,Adaptive rollout budget,obstaculos_densos,123,-1.0,-13.1,27.0,582.0,0,Adaptive rollout budget,184.74774169921875,86.4780044555664,716.9290161132812,True,False,False
35,RL-of-Thoughts Navigator,obstaculos_densos,123,-1.0,-9.7,2.0,70.0,0,ACT,181.1824493408203,153.97079467773438,679.1875,True,False,False
35,GoT Navigation Graph,obstaculos_densos,123,0.1,3.5000000000000018,354.0,13097.0,0,GRAPH,135.03024291992188,245.7268524169922,672.7444458007812,False,False,False
35,Adaptive rollout budget,obstaculos_densos,123,-1.0,-14.1,27.0,609.0,0,Adaptive rollout budget,185.51377868652344,87.12078857421875,715.9291381835938,True,False,False
36,RL-of-Thoughts Navigator,obstaculos_densos,123,-1.0,-10.7,2.0,72.0,0,ACT,181.948486328125,154.61358642578125,678.1918334960938,True,False,False
36,GoT Navigation Graph,obstaculos_densos,123,0.1,3.600000000000002,354.0,13451.0,2,GRAPH,136.07212829589844,251.6356964111328,669.240478515625,False,False,False
36,Adaptive rollout budget,obstaculos_densos,123,-1.0,-15.1,90.0,699.0,0,Adaptive rollout budget,186.27981567382812,87.7635726928711,714.9292602539062,True,False,False
37,RL-of-Thoughts Navigator,obstaculos_densos,123,-1.0,-11.7,2.0,74.0,0,ACT,182.7145233154297,155.25637817382812,677.1962280273438,True,False,False
37,GoT Navigation Graph,obstaculos_densos,123,0.1,3.700000000000002,354.0,13805.0,0,GRAPH,139.07212829589844,256.83184814453125,664.3030395507812,False,False,False
37,Adaptive rollout budget,obstaculos_densos,123,-1.0,-16.1,27.0,726.0,0,Adaptive rollout budget,187.0458526611328,88.40635681152344,713.9293823242188,True,False,False
38,RL-of-Thoughts Navigator,obstaculos_densos,123,-1.0,-12.7,2.0,76.0,0,ACT,183.48056030273438,155.899169921875,676.2006225585938,True,False,False
38,GoT Navigation Graph,obstaculos_densos,123,0.1,3.800000000000002,354.0,14159.0,0,GRAPH,142.07212829589844,262.02801513671875,659.3831176757812,False,False,False
38,Adaptive rollout budget,obstaculos_densos,123,-1.0,-17.1,27.0,753.0,0,Adaptive rollout budget,187.8118896484375,89.04914093017578,712.929443359375,True,False,False
39,RL-of-Thoughts Navigator,obstaculos_densos,123,-1.0,-13.7,2.0,78.0,0,ACT,184.24659729003906,156.54196166992188,675.205078125,True,False,False
39,GoT Navigation Graph,obstaculos_densos,123,0.1,3.900000000000002,354.0,14513.0,0,GRAPH,145.07212829589844,267.22418212890625,654.4813232421875,False,False,False
39,Adaptive rollout budget,obstaculos_densos,123,-1.0,-18.1,27.0,780.0,0,Adaptive rollout budget,188.5779266357422,89.69192504882812,711.9295043945312,True,False,False
40,RL-of-Thoughts Navigator,obstaculos_densos,123,-1.0,-14.7,2.0,80.0,0,ACT,185.01263427734375,157.18475341796875,674.2095336914062,True,False,False
40,GoT Navigation Graph,obstaculos_densos,123,0.1,4.000000000000002,354.0,14867.0,2,GRAPH,148.07212829589844,272.42034912109375,649.597900390625,False,False,False
40,Adaptive rollout budget,obstaculos_densos,123,-1.0,-19.1,27.0,807.0,0,Adaptive rollout budget,189.34396362304688,90.33470916748047,710.9295654296875,True,False,False
41,RL-of-Thoughts Navigator,obstaculos_densos,123,-1.0,-15.7,2.0,82.0,0,ACT,185.77867126464844,157.82754516601562,673.2139282226562,True,False,False
41,GoT Navigation Graph,obstaculos_densos,123,0.1,4.100000000000001,354.0,15221.0,0,GRAPH,152.66839599609375,276.2770690917969,643.8231201171875,False,False,False
41,Adaptive rollout budget,obstaculos_densos,123,-1.0,-20.1,27.0,834.0,0,Adaptive rollout budget,190.11000061035156,90.97749328613281,709.9297485351562,True,False,False
42,RL-of-Thoughts Navigator,obstaculos_densos,123,-1.0,-16.7,2.0,84.0,0,ACT,186.54470825195312,158.4703369140625,672.218505859375,True,False,False
42,GoT Navigation Graph,obstaculos_densos,123,0.1,4.200000000000001,353.0,15574.0,2,GRAPH,157.26466369628906,280.1337890625,638.0524291992188,False,False,False
42,Adaptive rollout budget,obstaculos_densos,123,-1.0,-21.1,27.0,861.0,0,Adaptive rollout budget,190.87603759765625,91.62027740478516,708.9298095703125,True,False,False
43,RL-of-Thoughts Navigator,obstaculos_densos,123,-1.0,-17.7,2.0,86.0,0,ACT,187.3107452392578,159.11312866210938,671.2229614257812,True,False,False
43,GoT Navigation Graph,obstaculos_densos,123,0.1,4.300000000000001,353.0,15927.0,2,GRAPH,162.90281677246094,282.1859130859375,632.0674438476562,False,False,False
43,Adaptive rollout budget,obstaculos_densos,123,-1.0,-22.1,27.0,888.0,0,Adaptive rollout budget,191.64207458496094,92.2630615234375,707.929931640625,True,False,False
44,RL-of-Thoughts Navigator,obstaculos_densos,123,-1.0,-18.7,2.0,88.0,0,ACT,188.0767822265625,159.75592041015625,670.2274169921875,True,False,False
44,GoT Navigation Graph,obstaculos_densos,123,0.1,4.4,359.0,16286.0,0,GRAPH,168.90281677246094,282.1859130859375,626.593994140625,False,False,False
44,Adaptive rollout budget,obstaculos_densos,123,-1.0,-23.1,27.0,915.0,0,Adaptive rollout budget,192.40811157226562,92.90584564208984,706.9300537109375,True,False,False
45,RL-of-Thoughts Navigator,obstaculos_densos,123,-1.0,-19.7,2.0,90.0,0,ACT,188.8428192138672,160.39871215820312,669.23193359375,True,False,False
45,GoT Navigation Graph,obstaculos_densos,123,-1.0,3.4000000000000004,359.0,16645.0,0,GRAPH,174.90281677246094,282.1859130859375,621.13037109375,True,False,False
45,Adaptive rollout budget,obstaculos_densos,123,-1.0,-24.1,27.0,942.0,0,Adaptive rollout budget,193.1741485595703,93.54862976074219,705.9301147460938,True,False,False
46,RL-of-Thoughts Navigator,obstaculos_densos,123,-1.0,-20.7,2.0,92.0,0,ACT,189.60885620117188,161.04150390625,668.2364501953125,True,False,False
46,GoT Navigation Graph,obstaculos_densos,123,-1.0,2.4000000000000004,359.0,17004.0,0,GRAPH,175.90281677246094,282.1859130859375,620.220703125,True,False,False
46,Adaptive rollout budget,obstaculos_densos,123,-1.0,-25.1,27.0,969.0,0,Adaptive rollout budget,193.940185546875,94.19141387939453,704.9302368164062,True,False,False
47,RL-of-Thoughts Navigator,obstaculos_densos,123,-1.0,-21.7,2.0,94.0,0,ACT,190.37489318847656,161.68429565429688,667.2410278320312,True,False,False
47,GoT Navigation Graph,obstaculos_densos,123,-1.0,1.4000000000000004,355.0,17359.0,2,GRAPH,176.90281677246094,282.1859130859375,619.3113403320312,True,False,False
47,Adaptive rollout budget,obstaculos_densos,123,-1.0,-26.1,27.0,996.0,0,Adaptive rollout budget,194.7062225341797,94.83419799804688,703.9302978515625,True,False,False
48,RL-of-Thoughts Navigator,obstaculos_densos,123,-1.0,-22.7,2.0,96.0,0,ACT,191.14093017578125,162.32708740234375,666.2455444335938,True,False,False
48,GoT Navigation Graph,obstaculos_densos,123,-1.0,0.40000000000000036,355.0,17714.0,0,GRAPH,177.84251403808594,281.8439025878906,618.5997314453125,True,False,False
48,Adaptive rollout budget,obstaculos_densos,123,-1.0,-27.1,27.0,1023.0,0,Adaptive rollout budget,195.47225952148438,95.47698211669922,702.9303588867188,True,False,False
49,RL-of-Thoughts Navigator,obstaculos_densos,123,-1.0,-23.7,2.0,98.0,0,ACT,191.90696716308594,162.96987915039062,665.2501220703125,True,False,False
49,GoT Navigation Graph,obstaculos_densos,123,-1.0,-0.5999999999999996,355.0,18069.0,0,GRAPH,178.78221130371094,281.50189208984375,617.8888549804688,True,False,False
49,Adaptive rollout budget,obstaculos_densos,123,-1.0,-28.1,3.0,1026.0,0,Adaptive rollout budget,196.23829650878906,96.11976623535156,701.9305419921875,True,False,False
50,RL-of-Thoughts Navigator,obstaculos_densos,123,-1.0,-24.7,2.0,100.0,0,ACT,192.67300415039062,163.6126708984375,664.2546997070312,True,False,False
50,GoT Navigation Graph,obstaculos_densos,123,-1.0,-1.5999999999999996,355.0,18424.0,0,GRAPH,179.72190856933594,281.1598815917969,617.1788940429688,True,False,False
50,Adaptive rollout budget,obstaculos_densos,123,-1.0,-29.1,3.0,1029.0,0,Adaptive rollout budget,197.00433349609375,96.7625503540039,700.9306030273438,True,False,False
51,RL-of-Thoughts Navigator,obstaculos_densos,123,-1.0,-25.7,2.0,102.0,0,ACT,193.4390411376953,164.25546264648438,663.25927734375,True,False,False
51,GoT Navigation Graph,obstaculos_densos,123,-1.0,-2.5999999999999996,355.0,18779.0,0,GRAPH,180.66160583496094,280.81787109375,616.4696655273438,True,False,False
51,Adaptive rollout budget,obstaculos_densos,123,-1.0,-30.1,3.0,1032.0,0,Adaptive rollout budget,197.77037048339844,97.40533447265625,699.9307250976562,True,False,False
52,RL-of-Thoughts Navigator,obstaculos_densos,123,-1.0,-26.7,2.0,104.0,0,ACT,194.205078125,164.89825439453125,662.2638549804688,True,False,False
52,GoT Navigation Graph,obstaculos_densos,123,-1.0,-3.5999999999999996,355.0,19134.0,0,GRAPH,181.60130310058594,280.4758605957031,615.76123046875,True,False,False
52,Adaptive rollout budget,obstaculos_densos,123,-1.0,-31.1,3.0,1035.0,0,Adaptive rollout budget,198.53640747070312,98.0481185913086,698.9308471679688,True,False,False
53,RL-of-Thoughts Navigator,obstaculos_densos,123,-1.0,-27.7,2.0,106.0,0,ACT,194.9711151123047,165.54104614257812,661.2684936523438,True,False,False
53,GoT Navigation Graph,obstaculos_densos,123,-1.0,-4.6,355.0,19489.0,0,GRAPH,182.54100036621094,280.13385009765625,615.0535888671875,True,False,False
53,Adaptive rollout budget,obstaculos_densos,123,-1.0,-32.1,3.0,1038.0,0,Adaptive rollout budget,199.3024444580078,98.69090270996094,697.930908203125,True,False,False
54,RL-of-Thoughts Navigator,obstaculos_densos,123,-1.0,-28.7,2.0,108.0,0,ACT,195.73715209960938,166.183837890625,660.2730712890625,True,False,False
54,GoT Navigation Graph,obstaculos_densos,123,-1.0,-5.6,355.0,19844.0,0,GRAPH,183.48069763183594,279.7918395996094,614.3468017578125,True,False,False
54,Adaptive rollout budget,obstaculos_densos,123,-1.0,-33.1,3.0,1041.0,0,Adaptive rollout budget,200.0684814453125,99.33368682861328,696.9310302734375,True,False,False
55,RL-of-Thoughts Navigator,obstaculos_densos,123,-1.0,-29.7,2.0,110.0,0,ACT,196.50318908691406,166.82662963867188,659.2777709960938,True,False,False
55,GoT Navigation Graph,obstaculos_densos,123,-1.0,-6.6,355.0,20199.0,0,GRAPH,184.42039489746094,279.4498291015625,613.6408081054688,True,False,False
55,Adaptive rollout budget,obstaculos_densos,123,-1.0,-34.1,3.0,1044.0,0,Adaptive rollout budget,200.8345184326172,99.97647094726562,695.9310913085938,True,False,False
56,RL-of-Thoughts Navigator,obstaculos_densos,123,-1.0,-30.7,2.0,112.0,0,ACT,197.26922607421875,167.46942138671875,658.2824096679688,True,False,False
56,GoT Navigation Graph,obstaculos_densos,123,-1.0,-7.6,355.0,20554.0,0,GRAPH,185.36009216308594,279.1078186035156,612.9356689453125,True,False,False
56,Adaptive rollout budget,obstaculos_densos,123,-1.0,-35.1,3.0,1047.0,0,Adaptive rollout budget,201.60055541992188,100.61925506591797,694.9312133789062,True,False,False
57,RL-of-Thoughts Navigator,obstaculos_densos,123,-1.0,-31.7,2.0,114.0,0,ACT,198.03526306152344,168.11221313476562,657.2870483398438,True,False,False
57,GoT Navigation Graph,obstaculos_densos,123,-1.0,-8.6,355.0,20909.0,0,GRAPH,186.29978942871094,278.76580810546875,612.2313232421875,True,False,False
57,Adaptive rollout budget,obstaculos_densos,123,-1.0,-36.1,3.0,1050.0,0,Adaptive rollout budget,202.36659240722656,101.26203918457031,693.9313354492188,True,False,False
58,RL-of-Thoughts Navigator,obstaculos_densos,123,-1.0,-32.7,2.0,116.0,0,ACT,198.80130004882812,168.7550048828125,656.2918090820312,True,False,False
58,GoT Navigation Graph,obstaculos_densos,123,-1.0,-9.6,355.0,21264.0,0,GRAPH,187.23948669433594,278.4237976074219,611.5277709960938,True,False,False
58,Adaptive rollout budget,obstaculos_densos,123,-1.0,-37.1,3.0,1053.0,0,Adaptive rollout budget,203.13262939453125,101.90482330322266,692.931396484375,True,False,False
59,RL-of-Thoughts Navigator,obstaculos_densos,123,-1.0,-33.7,2.0,118.0,0,ACT,199.5673370361328,169.39779663085938,655.2964477539062,True,False,False
59,GoT Navigation Graph,obstaculos_densos,123,-1.0,-10.6,355.0,21619.0,0,GRAPH,188.17918395996094,278.081787109375,610.8251342773438,True,False,False
59,Adaptive rollout budget,obstaculos_densos,123,-1.0,-38.1,3.0,1056.0,0,Adaptive rollout budget,203.89866638183594,102.547607421875,691.9315185546875,True,False,False
60,RL-of-Thoughts Navigator,obstaculos_densos,123,-1.0,-34.7,2.0,120.0,0,ACT,200.3333740234375,170.04058837890625,654.3011474609375,True,False,False
60,GoT Navigation Graph,obstaculos_densos,123,-1.0,-11.6,355.0,21974.0,0,GRAPH,189.11888122558594,277.7397766113281,610.123291015625,True,False,False
60,Adaptive rollout budget,obstaculos_densos,123,-1.0,-39.1,3.0,1059.0,0,Adaptive rollout budget,204.66470336914062,103.19039154052734,690.931640625,True,False,False
61,RL-of-Thoughts Navigator,obstaculos_densos,123,-1.0,-35.7,2.0,122.0,0,ACT,201.0994110107422,170.68338012695312,653.305908203125,True,False,False
61,GoT Navigation Graph,obstaculos_densos,123,-1.0,-12.6,355.0,22329.0,0,GRAPH,190.05857849121094,277.39776611328125,609.4222412109375,True,False,False
61,Adaptive rollout budget,obstaculos_densos,123,0.1,-39.0,3.0,1062.0,0,Adaptive rollout budget,205.4307403564453,103.83317565917969,689.9317626953125,False,False,False
62,RL-of-Thoughts Navigator,obstaculos_densos,123,-1.0,-36.7,2.0,124.0,0,ACT,201.86544799804688,171.326171875,652.3106079101562,True,False,False
62,GoT Navigation Graph,obstaculos_densos,123,-1.0,-13.6,355.0,22684.0,0,GRAPH,190.99827575683594,277.0557556152344,608.7220458984375,True,False,False
62,Adaptive rollout budget,obstaculos_densos,123,0.1,-38.9,3.0,1065.0,0,Adaptive rollout budget,210.02700805664062,107.68990325927734,683.9323120117188,False,False,False
63,RL-of-Thoughts Navigator,obstaculos_densos,123,-1.0,-37.7,2.0,126.0,0,ACT,202.63148498535156,171.96896362304688,651.3154296875,True,False,False
63,GoT Navigation Graph,obstaculos_densos,123,-1.0,-14.6,355.0,23039.0,0,GRAPH,191.93797302246094,276.7137451171875,608.022705078125,True,False,False
63,Adaptive rollout budget,obstaculos_densos,123,0.1,-38.8,3.0,1068.0,0,Adaptive rollout budget,214.62327575683594,111.546630859375,677.932861328125,False,False,False
64,RL-of-Thoughts Navigator,obstaculos_densos,123,-1.0,-38.7,2.0,128.0,0,ACT,203.39752197265625,172.61175537109375,650.3201904296875,True,False,False
64,GoT Navigation Graph,obstaculos_densos,123,-1.0,-15.6,355.0,23394.0,0,GRAPH,192.87767028808594,276.3717346191406,607.32421875,True,False,False
64,Adaptive rollout budget,obstaculos_densos,123,0.1,-38.699999999999996,3.0,1071.0,0,Adaptive rollout budget,219.21954345703125,115.40335845947266,671.9334716796875,False,False,False
65,RL-of-Thoughts Navigator,obstaculos_densos,123,-1.0,-39.7,2.0,130.0,0,ACT,204.16355895996094,173.25454711914062,649.3250122070312,True,False,False
65,GoT Navigation Graph,obstaculos_densos,123,-1.0,-16.6,355.0,23749.0,0,GRAPH,193.81736755371094,276.02972412109375,606.6265258789062,True,False,False
65,Adaptive rollout budget,obstaculos_densos,123,0.1,-38.599999999999994,3.0,1074.0,0,Adaptive rollout budget,223.81581115722656,119.26008605957031,665.93408203125,False,False,False
66,RL-of-Thoughts Navigator,obstaculos_densos,123,-1.0,-40.7,2.0,132.0,0,ACT,204.92959594726562,173.8973388671875,648.3297729492188,True,False,False
66,GoT Navigation Graph,obstaculos_densos,123,-1.0,-17.6,355.0,24104.0,0,GRAPH,194.75706481933594,275.6877136230469,605.9296875,True,False,False
66,Adaptive rollout budget,obstaculos_densos,123,0.1,-38.49999999999999,3.0,1077.0,0,Adaptive rollout budget,228.41207885742188,123.11681365966797,659.9346923828125,False,False,False
67,RL-of-Thoughts Navigator,obstaculos_densos,123,0.1,-40.6,2.0,134.0,0,ACT,205.6956329345703,174.54013061523438,647.3346557617188,False,False,False
67,GoT Navigation Graph,obstaculos_densos,123,-1.0,-18.6,355.0,24459.0,0,GRAPH,195.69676208496094,275.345703125,605.2337646484375,True,False,False
67,Adaptive rollout budget,obstaculos_densos,123,0.1,-38.39999999999999,3.0,1080.0,0,Adaptive rollout budget,233.0083465576172,126.97354125976562,653.935302734375,False,False,False
68,RL-of-Thoughts Navigator,obstaculos_densos,123,0.1,-40.5,2.0,136.0,0,ACT,210.29190063476562,178.3968505859375,641.3638305664062,False,False,False
68,GoT Navigation Graph,obstaculos_densos,123,-1.0,-19.6,355.0,24814.0,0,GRAPH,196.63645935058594,275.0036926269531,604.5386352539062,True,False,False
68,Adaptive rollout budget,obstaculos_densos,123,0.1,-38.29999999999999,3.0,1083.0,0,Adaptive rollout budget,237.6046142578125,130.83026123046875,647.9359741210938,False,False,False
69,RL-of-Thoughts Navigator,obstaculos_densos,123,0.1,-40.4,2.0,138.0,0,ACT,214.88816833496094,182.25357055664062,635.3934936523438,False,False,False
69,GoT Navigation Graph,obstaculos_densos,123,-1.0,-20.6,355.0,25169.0,0,GRAPH,197.57615661621094,274.66168212890625,603.8443603515625,True,False,False
69,Adaptive rollout budget,obstaculos_densos,123,0.1,-38.19999999999999,3.0,1086.0,0,Adaptive rollout budget,242.2008819580078,134.68698120117188,641.9366455078125,False,False,False
70,RL-of-Thoughts Navigator,obstaculos_densos,123,0.1,-40.3,2.0,140.0,0,ACT,219.48443603515625,186.11029052734375,629.423828125,False,False,False
70,GoT Navigation Graph,obstaculos_densos,123,-1.0,-21.6,39.0,25208.0,1,GRAPH,198.51585388183594,274.3196716308594,603.1510009765625,True,False,False
70,Adaptive rollout budget,obstaculos_densos,123,0.1,-38.09999999999999,3.0,1089.0,0,Adaptive rollout budget,246.79714965820312,138.543701171875,635.937255859375,False,False,False
71,RL-of-Thoughts Navigator,obstaculos_densos,123,0.1,-40.199999999999996,2.0,142.0,0,ACT,224.08070373535156,189.96701049804688,623.4547729492188,False,False,False
71,GoT Navigation Graph,obstaculos_densos,123,-1.0,-22.6,39.0,25247.0,1,GRAPH,199.51585388183594,274.3196716308594,602.2533569335938,True,False,False
71,Adaptive rollout budget,obstaculos_densos,123,0.1,-37.999999999999986,3.0,1092.0,0,Adaptive rollout budget,251.39341735839844,142.40042114257812,629.9379272460938,False,False,False
72,RL-of-Thoughts Navigator,obstaculos_densos,123,0.1,-40.099999999999994,2.0,144.0,0,ACT,228.67697143554688,193.82373046875,617.4862060546875,False,False,False
72,GoT Navigation Graph,obstaculos_densos,123,-1.0,-23.6,39.0,25286.0,0,GRAPH,200.45555114746094,274.66168212890625,601.2592163085938,True,False,False
72,Adaptive rollout budget,obstaculos_densos,123,0.1,-37.899999999999984,3.0,1095.0,0,Adaptive rollout budget,255.98968505859375,146.25714111328125,623.9386596679688,False,False,False
73,RL-of-Thoughts Navigator,obstaculos_densos,123,0.1,-39.99999999999999,2.0,146.0,0,ACT,233.2732391357422,197.68045043945312,611.5183715820312,False,False,False
73,GoT Navigation Graph,obstaculos_densos,123,-1.0,-24.6,336.0,25622.0,2,GRAPH,201.39524841308594,275.0036926269531,600.2650146484375,True,False,False
73,Adaptive rollout budget,obstaculos_densos,123,0.1,-37.79999999999998,3.0,1098.0,0,Adaptive rollout budget,260.5859375,150.11386108398438,617.9393920898438,False,False,False
74,RL-of-Thoughts Navigator,obstaculos_densos,123,0.1,-39.89999999999999,2.0,148.0,0,ACT,237.8695068359375,201.53717041015625,605.5510864257812,False,False,False
74,GoT Navigation Graph,obstaculos_densos,123,-1.0,-25.6,346.0,25968.0,2,GRAPH,202.39524841308594,275.0036926269531,599.367919921875,True,False,False
74,Adaptive rollout budget,obstaculos_densos,123,0.1,-37.69999999999998,3.0,1101.0,0,Adaptive rollout budget,265.18218994140625,153.9705810546875,611.9401245117188,False,False,False
75,RL-of-Thoughts Navigator,obstaculos_densos,123,0.1,-39.79999999999999,2.0,150.0,0,ACT,242.4657745361328,205.39389038085938,599.58447265625,False,False,False
75,GoT Navigation Graph,obstaculos_densos,123,-1.0,-26.6,346.0,26314.0,2,GRAPH,203.33494567871094,274.66168212890625,598.6766967773438,True,False,False
75,Adaptive rollout budget,obstaculos_densos,123,0.1,-37.59999999999998,3.0,1104.0,0,Adaptive rollout budget,269.7784423828125,157.82730102539062,605.9407958984375,False,False,False
76,RL-of-Thoughts Navigator,obstaculos_densos,123,0.1,-39.69999999999999,2.0,152.0,0,ACT,247.06204223632812,209.2506103515625,593.6185913085938,False,False,False
76,GoT Navigation Graph,obstaculos_densos,123,-1.0,-27.6,336.0,26650.0,2,GRAPH,204.10098266601562,274.0188903808594,598.275634765625,True,False,False
76,Adaptive rollout budget,obstaculos_densos,123,0.1,-37.49999999999998,3.0,1107.0,0,Adaptive rollout budget,274.37469482421875,161.68402099609375,599.9415893554688,False,False,False
77,RL-of-Thoughts Navigator,obstaculos_densos,123,0.1,-39.59999999999999,2.0,154.0,0,ACT,251.65830993652344,213.10733032226562,587.6533203125,False,False,False
77,GoT Navigation Graph,obstaculos_densos,123,-1.0,-28.6,336.0,26986.0,0,GRAPH,204.60098266601562,273.1528625488281,598.213623046875,True,False,False
77,Adaptive rollout budget,obstaculos_densos,123,0.1,-37.39999999999998,3.0,1110.0,0,Adaptive rollout budget,278.970947265625,165.54074096679688,593.9423217773438,False,False,False
78,RL-of-Thoughts Navigator,obstaculos_densos,123,0.1,-39.499999999999986,2.0,156.0,0,ACT,256.25457763671875,216.96405029296875,581.6888427734375,False,False,False
78,GoT Navigation Graph,obstaculos_densos,123,0.1,-28.5,330.0,27316.0,0,GRAPH,205.10098266601562,272.2868347167969,598.1532592773438,False,False,False
78,Adaptive rollout budget,obstaculos_densos,123,0.1,-37.299999999999976,3.0,1113.0,0,Adaptive rollout budget,283.56719970703125,169.3974609375,587.943115234375,False,False,False
79,RL-of-Thoughts Navigator,obstaculos_densos,123,0.1,-39.399999999999984,2.0,158.0,0,ACT,260.850830078125,220.82077026367188,575.7250366210938,False,False,False
79,GoT Navigation Graph,obstaculos_densos,123,0.1,-28.4,330.0,27646.0,0,GRAPH,208.10098266601562,267.0906677246094,597.8261108398438,False,False,False
79,Adaptive rollout budget,obstaculos_densos,123,0.1,-37.199999999999974,3.0,1116.0,0,Adaptive rollout budget,288.1634521484375,173.25418090820312,581.9439697265625,False,False,False
80,RL-of-Thoughts Navigator,obstaculos_densos,123,0.1,-39.29999999999998,2.0,160.0,0,ACT,265.44708251953125,224.677490234375,569.7620239257812,False,False,False
80,GoT Navigation Graph,obstaculos_densos,123,0.1,-28.299999999999997,330.0,27976.0,0,GRAPH,211.10098266601562,261.8945007324219,597.55908203125,False,False,False
80,Adaptive rollout budget,obstaculos_densos,123,0.1,-37.09999999999997,3.0,1119.0,0,Adaptive rollout budget,292.75970458984375,177.11090087890625,575.9447631835938,False,False,False
81,RL-of-Thoughts Navigator,obstaculos_densos,123,0.1,-39.19999999999998,2.0,162.0,0,ACT,270.0433349609375,228.53421020507812,563.7998046875,False,False,False
81,GoT Navigation Graph,obstaculos_densos,123,0.1,-28.199999999999996,330.0,28306.0,0,GRAPH,214.10098266601562,256.6983337402344,597.3522338867188,False,False,False
81,Adaptive rollout budget,obstaculos_densos,123,0.1,-36.99999999999997,3.0,1122.0,0,Adaptive rollout budget,297.35595703125,180.96762084960938,569.9456176757812,False,False,False
82,RL-of-Thoughts Navigator,obstaculos_densos,123,0.1,-39.09999999999998,2.0,164.0,0,ACT,274.63958740234375,232.39093017578125,557.83837890625,False,False,False
82,GoT Navigation Graph,obstaculos_densos,123,0.1,-28.099999999999994,330.0,28636.0,0,GRAPH,217.10098266601562,251.50218200683594,597.2054443359375,False,False,False
82,Adaptive rollout budget,obstaculos_densos,123,0.1,-36.89999999999997,3.0,1125.0,0,Adaptive rollout budget,301.95220947265625,184.8243408203125,563.9464721679688,False,False,False
83,RL-of-Thoughts Navigator,obstaculos_densos,123,0.1,-38.99999999999998,2.0,166.0,0,ACT,279.23583984375,236.24765014648438,551.8778076171875,False,False,False
83,GoT Navigation Graph,obstaculos_densos,123,0.1,-27.999999999999993,330.0,28966.0,2,GRAPH,220.10098266601562,246.3060302734375,597.1190795898438,False,False,False
83,Adaptive rollout budget,obstaculos_densos,123,0.1,-36.79999999999997,3.0,1128.0,0,Adaptive rollout budget,306.5484619140625,188.68106079101562,557.9473266601562,False,False,False
84,RL-of-Thoughts Navigator,obstaculos_densos,123,0.1,-38.89999999999998,2.0,168.0,0,ACT,283.83209228515625,240.1043701171875,545.9180908203125,False,False,False
84,GoT Navigation Graph,obstaculos_densos,123,-0.2,-28.199999999999992,317.0,29283.0,0,GRAPH,221.1428680419922,240.39718627929688,599.1448364257812,False,False,False
84,Adaptive rollout budget,obstaculos_densos,123,0.1,-36.69999999999997,3.0,1131.0,0,Adaptive rollout budget,311.14471435546875,192.53778076171875,551.9482421875,False,False,False
85,RL-of-Thoughts Navigator,obstaculos_densos,123,0.1,-38.799999999999976,2.0,170.0,0,ACT,288.4283447265625,243.96109008789062,539.959228515625,False,False,False
85,GoT Navigation Graph,obstaculos_densos,123,-0.2,-28.39999999999999,317.0,29600.0,0,GRAPH,222.18475341796875,234.48834228515625,601.2237548828125,False,False,False
85,Adaptive rollout budget,obstaculos_densos,123,0.1,-36.599999999999966,3.0,1134.0,0,Adaptive rollout budget,315.740966796875,196.39450073242188,545.9491577148438,False,False,False
86,RL-of-Thoughts Navigator,obstaculos_densos,123,0.1,-38.699999999999974,2.0,172.0,0,ACT,293.02459716796875,247.81781005859375,534.0013427734375,False,False,False
86,GoT Navigation Graph,obstaculos_densos,123,-0.2,-28.59999999999999,317.0,29917.0,0,GRAPH,223.2266387939453,228.57949829101562,603.3551635742188,False,False,False
86,Adaptive rollout budget,obstaculos_densos,123,0.1,-36.499999999999964,3.0,1137.0,0,Adaptive rollout budget,320.33721923828125,200.251220703125,539.9500732421875,False,False,False
87,RL-of-Thoughts Navigator,obstaculos_densos,123,0.1,-38.59999999999997,2.0,174.0,0,ACT,297.620849609375,251.67453002929688,528.0443725585938,False,False,False
87,GoT Navigation Graph,obstaculos_densos,123,-0.2,-28.79999999999999,317.0,30234.0,0,GRAPH,224.26852416992188,222.670654296875,605.5384521484375,False,False,False
87,Adaptive rollout budget,obstaculos_densos,123,0.1,-36.39999999999996,3.0,1140.0,0,Adaptive rollout budget,324.9334716796875,204.10794067382812,533.9509887695312,False,False,False
88,RL-of-Thoughts Navigator,obstaculos_densos,123,0.1,-38.49999999999997,2.0,176.0,0,ACT,302.21710205078125,255.53125,522.0884399414062,False,False,False
88,GoT Navigation Graph,obstaculos_densos,123,-0.2,-28.99999999999999,291.0,30525.0,0,GRAPH,225.31040954589844,216.76181030273438,607.773193359375,False,False,False
88,Adaptive rollout budget,obstaculos_densos,123,0.1,-36.29999999999996,3.0,1143.0,0,Adaptive rollout budget,329.52972412109375,207.96466064453125,527.9520263671875,False,False,False
89,RL-of-Thoughts Navigator,obstaculos_densos,123,0.1,-38.39999999999997,2.0,178.0,0,ACT,306.8133544921875,259.3879699707031,516.1334838867188,False,False,False
89,GoT Navigation Graph,obstaculos_densos,123,-0.2,-29.19999999999999,299.0,30824.0,0,GRAPH,226.352294921875,210.85296630859375,610.058837890625,False,False,False
89,Adaptive rollout budget,obstaculos_densos,123,0.1,-36.19999999999996,3.0,1146.0,0,Adaptive rollout budget,334.1259765625,211.82138061523438,521.9530029296875,False,False,False
90,RL-of-Thoughts Navigator,obstaculos_densos,123,0.1,-38.29999999999997,2.0,180.0,0,ACT,311.40960693359375,263.24468994140625,510.1795959472656,False,False,False
90,GoT Navigation Graph,obstaculos_densos,123,-0.2,-29.399999999999988,299.0,31123.0,0,GRAPH,227.39418029785156,204.94412231445312,612.3946533203125,False,False,False
90,Adaptive rollout budget,obstaculos_densos,123,0.1,-36.09999999999996,27.0,1173.0,0,Adaptive rollout budget,338.72222900390625,215.6781005859375,515.9539794921875,False,False,False
91,RL-of-Thoughts Navigator,obstaculos_densos,123,0.1,-38.19999999999997,2.0,182.0,0,ACT,316.005859375,267.1014099121094,504.226806640625,False,False,False
91,GoT Navigation Graph,obstaculos_densos,123,-0.2,-29.599999999999987,299.0,31422.0,0,GRAPH,228.43606567382812,199.0352783203125,614.7800903320312,False,False,False
91,Adaptive rollout budget,obstaculos_densos,123,0.1,-35.99999999999996,27.0,1200.0,0,Adaptive rollout budget,343.3184814453125,219.53482055664062,509.9550476074219,False,False,False
92,RL-of-Thoughts Navigator,obstaculos_densos,123,0.1,-38.099999999999966,2.0,184.0,0,ACT,320.60211181640625,270.9581298828125,498.275146484375,False,False,False
92,GoT Navigation Graph,obstaculos_densos,123,-0.2,-29.799999999999986,281.0,31703.0,0,GRAPH,229.4779510498047,193.12643432617188,617.2147216796875,False,False,False
92,Adaptive rollout budget,obstaculos_densos,123,0.1,-35.899999999999956,27.0,1227.0,0,Adaptive rollout budget,347.91473388671875,223.39154052734375,503.95611572265625,False,False,False
93,RL-of-Thoughts Navigator,obstaculos_densos,123,0.1,-37.999999999999964,2.0,186.0,0,ACT,325.1983642578125,274.8148498535156,492.32464599609375,False,False,False
93,GoT Navigation Graph,obstaculos_densos,123,-0.2,-29.999999999999986,281.0,31984.0,0,GRAPH,230.51983642578125,187.21759033203125,619.6978759765625,False,False,False
93,Adaptive rollout budget,obstaculos_densos,123,0.1,-35.799999999999955,27.0,1254.0,0,Adaptive rollout budget,352.510986328125,227.24826049804688,497.95721435546875,False,False,False
94,RL-of-Thoughts Navigator,obstaculos_densos,123,0.1,-37.89999999999996,2.0,188.0,0,ACT,329.79461669921875,278.67156982421875,486.3753662109375,False,False,False
94,GoT Navigation Graph,obstaculos_densos,123,-0.2,-30.199999999999985,281.0,32265.0,0,GRAPH,231.5617218017578,181.30874633789062,622.22900390625,False,False,False
94,Adaptive rollout budget,obstaculos_densos,123,0.1,-35.69999999999995,27.0,1281.0,0,Adaptive rollout budget,357.10723876953125,231.10498046875,491.9583435058594,False,False,False
95,RL-of-Thoughts Navigator,obstaculos_densos,123,0.1,-37.79999999999996,2.0,190.0,0,ACT,334.390869140625,282.5282897949219,480.4273376464844,False,False,False
95,GoT Navigation Graph,obstaculos_densos,123,-0.2,-30.399999999999984,281.0,32546.0,0,GRAPH,232.60360717773438,175.39990234375,624.8074340820312,False,False,False
95,Adaptive rollout budget,obstaculos_densos,123,-1.0,-36.69999999999995,27.0,1308.0,0,Adaptive rollout budget,361.7034912109375,234.96170043945312,485.9595031738281,True,False,False
96,RL-of-Thoughts Navigator,obstaculos_densos,123,0.1,-37.69999999999996,2.0,192.0,0,ACT,338.98712158203125,286.385009765625,474.48065185546875,False,False,False
96,GoT Navigation Graph,obstaculos_densos,123,-0.2,-30.599999999999984,281.0,32827.0,0,GRAPH,233.64549255371094,169.49105834960938,627.4326782226562,False,False,False
96,Adaptive rollout budget,obstaculos_densos,123,-1.0,-37.69999999999995,27.0,1335.0,0,Adaptive rollout budget,362.46954345703125,235.6044921875,484.95965576171875,True,False,False
97,RL-of-Thoughts Navigator,obstaculos_densos,123,0.1,-37.59999999999996,2.0,194.0,0,ACT,343.5833740234375,290.2417297363281,468.5353088378906,False,False,False
97,GoT Navigation Graph,obstaculos_densos,123,-0.2,-30.799999999999983,269.0,33096.0,0,GRAPH,234.6873779296875,163.58221435546875,630.1041259765625,False,False,False
97,Adaptive rollout budget,obstaculos_densos,123,-1.0,-38.69999999999995,27.0,1362.0,0,Adaptive rollout budget,363.235595703125,236.24728393554688,483.9598388671875,True,False,False
98,RL-of-Thoughts Navigator,obstaculos_densos,123,0.1,-37.49999999999996,2.0,196.0,0,ACT,348.17962646484375,294.09844970703125,462.59136962890625,False,False,False
98,GoT Navigation Graph,obstaculos_densos,123,-0.2,-30.999999999999982,269.0,33365.0,0,GRAPH,235.72926330566406,157.67337036132812,632.8211669921875,False,False,False
98,Adaptive rollout budget,obstaculos_densos,123,-1.0,-39.69999999999995,27.0,1389.0,0,Adaptive rollout budget,364.00164794921875,236.89007568359375,482.96002197265625,True,False,False
99,RL-of-Thoughts Navigator,obstaculos_densos,123,0.1,-37.399999999999956,2.0,198.0,0,ACT,352.77587890625,297.9551696777344,456.6488952636719,False,False,False
99,GoT Navigation Graph,obstaculos_densos,123,-0.2,-31.19999999999998,269.0,33634.0,0,GRAPH,236.77114868164062,151.7645263671875,635.583251953125,False,False,False
99,Adaptive rollout budget,obstaculos_densos,123,-1.0,-40.69999999999995,27.0,1416.0,0,Adaptive rollout budget,364.7677001953125,237.53286743164062,481.9602355957031,True,False,False
100,RL-of-Thoughts Navigator,obstaculos_densos,123,0.1,-37.299999999999955,2.0,200.0,0,ACT,357.37213134765625,301.8118896484375,450.70794677734375,False,False,False
100,GoT Navigation Graph,obstaculos_densos,123,-0.2,-31.39999999999998,269.0,33903.0,0,GRAPH,237.8130340576172,145.85568237304688,638.3897705078125,False,False,False
100,Adaptive rollout budget,obstaculos_densos,123,-1.0,-41.69999999999995,27.0,1443.0,0,Adaptive rollout budget,365.53375244140625,238.1756591796875,480.96038818359375,True,False,False
101,RL-of-Thoughts Navigator,obstaculos_densos,123,-1.0,-38.299999999999955,2.0,202.0,0,ACT,361.9683837890625,305.6686096191406,444.76861572265625,True,False,False
101,GoT Navigation Graph,obstaculos_densos,123,-0.2,-31.59999999999998,264.0,34167.0,0,GRAPH,238.85491943359375,139.94683837890625,641.2401733398438,False,False,False
101,Adaptive rollout budget,obstaculos_densos,123,-1.0,-42.69999999999995,27.0,1470.0,0,Adaptive rollout budget,366.2998046875,238.81845092773438,479.9606018066406,True,False,False
102,RL-of-Thoughts Navigator,obstaculos_densos,123,-1.0,-39.299999999999955,2.0,204.0,0,ACT,362.73443603515625,306.3114013671875,443.77886962890625,True,False,False
102,GoT Navigation Graph,obstaculos_densos,123,-0.2,-31.79999999999998,264.0,34431.0,0,GRAPH,239.8968048095703,134.03799438476562,644.1337890625,False,False,False
102,Adaptive rollout budget,obstaculos_densos,123,-1.0,-43.69999999999995,27.0,1497.0,0,Adaptive rollout budget,367.06585693359375,239.46124267578125,478.9607849121094,True,False,False
103,RL-of-Thoughts Navigator,obstaculos_densos,123,-1.0,-40.299999999999955,2.0,206.0,0,ACT,363.50048828125,306.9541931152344,442.78912353515625,True,False,False
103,GoT Navigation Graph,obstaculos_densos,123,-0.2,-31.99999999999998,264.0,34695.0,0,GRAPH,240.93869018554688,128.129150390625,647.0701293945312,False,False,False
103,Adaptive rollout budget,obstaculos_densos,123,-1.0,-44.69999999999995,27.0,1524.0,0,Adaptive rollout budget,367.8319091796875,240.10403442382812,477.9609680175781,True,False,False
104,RL-of-Thoughts Navigator,obstaculos_densos,123,-1.0,-41.299999999999955,2.0,208.0,0,ACT,364.26654052734375,307.59698486328125,441.7994689941406,True,False,False
104,GoT Navigation Graph,obstaculos_densos,123,-0.2,-32.19999999999998,264.0,34959.0,0,GRAPH,241.98057556152344,122.22030639648438,650.048583984375,False,False,False
104,Adaptive rollout budget,obstaculos_densos,123,-1.0,-45.69999999999995,27.0,1551.0,0,Adaptive rollout budget,368.59796142578125,240.746826171875,476.9611511230469,True,False,False
105,RL-of-Thoughts Navigator,obstaculos_densos,123,-1.0,-42.299999999999955,2.0,210.0,0,ACT,365.0325927734375,308.2397766113281,440.80987548828125,True,False,False
105,GoT Navigation Graph,obstaculos_densos,123,-0.2,-32.399999999999984,254.0,35213.0,1,GRAPH,243.0224609375,116.31146240234375,653.0686645507812,False,False,False
105,Adaptive rollout budget,obstaculos_densos,123,-1.0,-46.69999999999995,27.0,1578.0,0,Adaptive rollout budget,369.364013671875,241.38961791992188,475.9613342285156,True,False,False
106,RL-of-Thoughts Navigator,obstaculos_densos,123,-1.0,-43.299999999999955,2.0,212.0,0,ACT,365.79864501953125,308.882568359375,439.8203430175781,True,False,False
106,GoT Navigation Graph,obstaculos_densos,123,-0.2,-32.59999999999999,254.0,35467.0,0,GRAPH,246.0224609375,111.11531066894531,654.1834106445312,False,False,False
106,Adaptive rollout budget,obstaculos_densos,123,-1.0,-47.69999999999995,27.0,1605.0,0,Adaptive rollout budget,370.13006591796875,242.03240966796875,474.9615173339844,True,False,False
107,RL-of-Thoughts Navigator,obstaculos_densos,123,-1.0,-44.299999999999955,2.0,214.0,0,ACT,366.564697265625,309.5253601074219,438.830810546875,True,False,False
107,GoT Navigation Graph,obstaculos_densos,123,-0.2,-32.79999999999999,254.0,35721.0,0,GRAPH,249.0224609375,105.91915893554688,655.3511352539062,False,False,False
107,Adaptive rollout budget,obstaculos_densos,123,-1.0,-48.69999999999995,27.0,1632.0,0,Adaptive rollout budget,370.8961181640625,242.67520141601562,473.96173095703125,True,False,False
108,RL-of-Thoughts Navigator,obstaculos_densos,123,-1.0,-45.299999999999955,2.0,216.0,0,ACT,367.33074951171875,310.16815185546875,437.84136962890625,True,False,False
108,GoT Navigation Graph,obstaculos_densos,123,-0.2,-32.99999999999999,254.0,35975.0,0,GRAPH,252.0224609375,100.72300720214844,656.5716552734375,False,False,False
108,Adaptive rollout budget,obstaculos_densos,123,-1.0,-49.69999999999995,27.0,1659.0,0,Adaptive rollout budget,371.66217041015625,243.3179931640625,472.9619140625,True,False,False
109,RL-of-Thoughts Navigator,obstaculos_densos,123,-1.0,-46.299999999999955,2.0,218.0,0,ACT,368.0968017578125,310.8109436035156,436.8519287109375,True,False,False
109,GoT Navigation Graph,obstaculos_densos,123,-0.2,-33.199999999999996,250.0,36225.0,1,GRAPH,255.0224609375,95.52685546875,657.8446655273438,False,False,False
109,Adaptive rollout budget,obstaculos_densos,123,-1.0,-50.69999999999995,27.0,1686.0,0,Adaptive rollout budget,372.42822265625,243.96078491210938,471.96209716796875,True,False,False
110,RL-of-Thoughts Navigator,obstaculos_densos,123,-1.0,-47.299999999999955,2.0,220.0,0,ACT,368.86285400390625,311.4537353515625,435.862548828125,True,False,False
110,GoT Navigation Graph,obstaculos_densos,123,0.1,-33.099999999999994,242.0,36467.0,1,GRAPH,259.61871337890625,91.67012786865234,657.0889282226562,False,False,False
110,Adaptive rollout budget,obstaculos_densos,123,-1.0,-51.69999999999995,27.0,1713.0,0,Adaptive rollout budget,373.19427490234375,244.60357666015625,470.9623107910156,True,False,False
111,RL-of-Thoughts Navigator,obstaculos_densos,123,-1.0,-48.299999999999955,2.0,222.0,0,ACT,369.62890625,312.0965270996094,434.8732604980469,True,False,False
111,GoT Navigation Graph,obstaculos_densos,123,-1.0,-34.099999999999994,242.0,36709.0,1,GRAPH,265.2568664550781,89.61800384521484,654.3890380859375,True,False,False
111,Adaptive rollout budget,obstaculos_densos,123,-1.0,-52.69999999999995,27.0,1740.0,0,Adaptive rollout budget,373.9603271484375,245.24636840820312,469.9624938964844,True,False,False
112,RL-of-Thoughts Navigator,obstaculos_densos,123,-1.0,-49.299999999999955,2.0,224.0,0,ACT,370.39495849609375,312.73931884765625,433.88397216796875,True,False,False
112,GoT Navigation Graph,obstaculos_densos,123,-1.0,-35.099999999999994,242.0,36951.0,0,GRAPH,266.2568664550781,89.61800384521484,653.6638793945312,True,False,False
112,Adaptive rollout budget,obstaculos_densos,123,-1.0,-53.69999999999995,27.0,1767.0,0,Adaptive rollout budget,374.72637939453125,245.88916015625,468.9626770019531,True,False,False
113,RL-of-Thoughts Navigator,obstaculos_densos,123,-1.0,-50.299999999999955,2.0,226.0,0,ACT,371.1610107421875,313.3821105957031,432.894775390625,True,False,False
113,GoT Navigation Graph,obstaculos_densos,123,-1.0,-36.099999999999994,242.0,37193.0,0,GRAPH,267.2568664550781,89.61800384521484,652.9395141601562,True,False,False
113,Adaptive rollout budget,obstaculos_densos,123,-1.0,-54.69999999999995,27.0,1794.0,0,Adaptive rollout budget,375.492431640625,246.53195190429688,467.9628601074219,True,False,False
114,RL-of-Thoughts Navigator,obstaculos_densos,123,-1.0,-51.299999999999955,2.0,228.0,0,ACT,371.92706298828125,314.02490234375,431.90557861328125,True,False,False
114,GoT Navigation Graph,obstaculos_densos,123,-1.0,-37.099999999999994,242.0,37435.0,0,GRAPH,268.2568664550781,89.61800384521484,652.2158203125,True,False,False
114,Adaptive rollout budget,obstaculos_densos,123,-1.0,-55.69999999999995,27.0,1821.0,0,Adaptive rollout budget,376.25848388671875,247.17474365234375,466.9631042480469,True,False,False
115,RL-of-Thoughts Navigator,obstaculos_densos,123,-1.0,-52.299999999999955,2.0,230.0,0,ACT,372.693115234375,314.6676940917969,430.9164733886719,True,False,False
115,GoT Navigation Graph,obstaculos_densos,123,-1.0,-38.099999999999994,242.0,37677.0,0,GRAPH,269.2568664550781,89.61800384521484,651.492919921875,True,False,False
115,Adaptive rollout budget,obstaculos_densos,123,-1.0,-56.69999999999995,27.0,1848.0,0,Adaptive rollout budget,377.0245361328125,247.81753540039062,465.9632873535156,True,False,False
116,RL-of-Thoughts Navigator,obstaculos_densos,123,-1.0,-53.299999999999955,2.0,232.0,0,ACT,373.45916748046875,315.31048583984375,429.9273986816406,True,False,False
116,GoT Navigation Graph,obstaculos_densos,123,-1.0,-39.099999999999994,242.0,37919.0,0,GRAPH,270.2568664550781,89.61800384521484,650.770751953125,True,False,False
116,Adaptive rollout budget,obstaculos_densos,123,-1.0,-57.69999999999995,27.0,1875.0,0,Adaptive rollout budget,377.79058837890625,248.4603271484375,464.9634704589844,True,False,False
117,RL-of-Thoughts Navigator,obstaculos_densos,123,-1.0,-54.299999999999955,2.0,234.0,0,ACT,374.2252197265625,315.9532775878906,428.9383544921875,True,False,False
117,GoT Navigation Graph,obstaculos_densos,123,-1.0,-40.099999999999994,242.0,38161.0,0,GRAPH,271.2568664550781,89.61800384521484,650.0492553710938,True,False,False
117,Adaptive rollout budget,obstaculos_densos,123,-1.0,-58.69999999999995,27.0,1902.0,0,Adaptive rollout budget,378.556640625,249.10311889648438,463.96368408203125,True,False,False
118,RL-of-Thoughts Navigator,obstaculos_densos,123,-1.0,-55.299999999999955,2.0,236.0,0,ACT,374.99127197265625,316.5960693359375,427.94940185546875,True,False,False
118,GoT Navigation Graph,obstaculos_densos,123,-1.0,-41.099999999999994,242.0,38403.0,0,GRAPH,272.2568664550781,89.61800384521484,649.3285522460938,True,False,False
118,Adaptive rollout budget,obstaculos_densos,123,-1.0,-59.69999999999995,27.0,1929.0,0,Adaptive rollout budget,379.32269287109375,249.74591064453125,462.9638977050781,True,False,False
119,RL-of-Thoughts Navigator,obstaculos_densos,123,-1.0,-56.299999999999955,2.0,238.0,0,ACT,375.75732421875,317.2388610839844,426.9604797363281,True,False,False
119,GoT Navigation Graph,obstaculos_densos,123,-1.0,-42.099999999999994,242.0,38645.0,0,GRAPH,273.2568664550781,89.61800384521484,648.6085815429688,True,False,False
119,Adaptive rollout budget,obstaculos_densos,123,-1.0,-60.69999999999995,27.0,1956.0,0,Adaptive rollout budget,380.0887451171875,250.38870239257812,461.9640808105469,True,False,False
120,RL-of-Thoughts Navigator,obstaculos_densos,123,-1.0,-57.299999999999955,2.0,240.0,0,ACT,376.52337646484375,317.88165283203125,425.97161865234375,True,False,False
120,GoT Navigation Graph,obstaculos_densos,123,-1.0,-43.099999999999994,242.0,38887.0,0,GRAPH,274.2568664550781,89.61800384521484,647.8893432617188,True,False,False
120,Adaptive rollout budget,obstaculos_densos,123,-1.0,-61.69999999999995,27.0,1983.0,0,Adaptive rollout budget,380.85479736328125,251.031494140625,460.9642639160156,True,False,False
